item_type,order_state,last_update_time,branch,customer,price
Cookies,Delivered,2012-05-03 09:04:53,115,1928,50
Cake,Canceled,2012-09-24 10:20:05,955,1159,500
Muffins,Created,1994-06-07 19:40:15,243,1071,100
Cookies,Created,1994-09-13 21:48:28,26,1751,50
Cookies,Shipped,1981-01-07 17:19:52,971,1475,50
Cake,Created,1994-05-04 15:02:57,128,1236,500
Cake,Canceled,2014-08-05 01:16:42,246,1369,500
Cookies,Shipped,1973-10-11 15:24:40,962,1718,50
Cake,Created,1990-01-01 19:47:10,566,1976,500
Cookies,Shipped,1971-11-27 07:06:15,85,1321,50
Muffins,Created,1985-12-06 21:31:33,456,1094,100
Cake,Shipped,2005-02-05 14:14:39,282,1911,500
Cookies,Shipped,1987-01-28 06:53:52,159,1290,50
Muffins,Shipped,1978-07-11 10:23:22,983,1935,100
Cake,Canceled,2005-12-06 18:57:01,65,1366,500
Cake,Created,1996-10-05 08:33:16,464,1692,500
Cookies,Created,1983-10-17 12:17:55,426,1261,50
Cookies,Canceled,1982-09-19 04:17:32,66,1585,50
Cookies,Canceled,1978-09-18 20:30:48,99,1865,50
Cake,Delivered,2012-03-03 03:21:35,375,1945,500
Cookies,Shipped,2005-03-08 15:29:41,23,1847,50
Cake,Created,1981-05-14 12:40:52,754,1906,500
Cookies,Canceled,1995-04-26 10:35:29,765,1462,50
Muffins,Shipped,1973-10-10 04:59:54,72,1311,100
Muffins,Shipped,1996-10-17 05:56:37,484,1860,100
Cookies,Shipped,2014-12-01 00:54:27,91,1280,50
Muffins,Canceled,1993-12-26 22:24:48,232,1657,100
Cookies,Created,2014-10-07 12:26:25,445,1463,50
Cake,Delivered,2012-07-19 18:00:10,577,1523,500
Cake,Shipped,1985-03-06 01:39:52,824,1261,500
Muffins,Canceled,2023-08-17 08:34:29,793,1892,100
Cookies,Canceled,1993-11-06 15:07:01,3,1441,50
Muffins,Created,1976-07-12 18:39:19,734,1508,100
Muffins,Delivered,1983-08-09 16:54:26,758,1929,100
Cookies,Created,1984-02-02 19:50:12,319,1560,50
Cake,Canceled,2001-12-16 02:33:09,129,1085,500
Muffins,Delivered,2014-08-15 19:51:10,776,1931,100
Muffins,Delivered,2002-08-13 00:58:47,703,1622,100
Cake,Created,2018-07-13 22:56:37,141,1558,500
Muffins,Delivered,2016-11-24 00:34:42,295,1399,100
Cake,Created,1987-09-07 03:23:11,149,1697,500
Cake,Created,2002-11-07 05:06:15,97,1553,500
Cake,Shipped,2003-09-30 09:49:06,579,1262,500
Muffins,Shipped,2016-03-11 11:05:45,197,1072,100
Cake,Canceled,1996-01-27 18:14:40,852,1824,500
Muffins,Delivered,1999-01-31 12:32:23,825,1671,100
Cake,Created,1970-07-08 08:02:32,378,1849,500
Cookies,Canceled,1999-05-23 20:12:27,440,1635,50
Muffins,Canceled,1996-11-04 17:11:19,556,1482,100
Muffins,Canceled,2022-02-24 23:24:55,592,1572,100
Cake,Canceled,1981-04-19 12:11:14,938,1483,500
Muffins,Canceled,1980-12-12 15:27:31,864,1332,100
Cookies,Shipped,1989-12-18 20:45:28,256,1688,50
Cake,Canceled,1999-01-28 22:01:38,44,1709,500
Muffins,Canceled,2005-01-28 07:04:55,518,1866,100
Cake,Shipped,1987-05-21 21:13:52,19,1160,500
Muffins,Created,2002-01-06 09:49:40,405,1888,100
Cake,Created,1991-06-11 21:14:38,281,1444,500
Cookies,Created,1979-05-08 17:24:42,871,1052,50
Muffins,Created,1990-09-12 23:08:07,734,1919,100
Muffins,Created,1980-05-14 00:22:40,637,1495,100
Cake,Canceled,2006-10-03 03:36:33,73,1181,500
Cookies,Shipped,1999-08-04 00:49:42,236,1160,50
Cookies,Shipped,1982-08-23 22:35:29,498,1006,50
Cookies,Canceled,1981-04-11 07:46:06,311,1638,50
Muffins,Created,1976-01-18 05:17:20,869,1770,100
Muffins,Delivered,1979-12-27 18:35:08,812,1354,100
Cookies,Shipped,1988-08-17 04:31:02,674,1355,50
Muffins,Created,1975-12-03 10:38:59,571,1627,100
Muffins,Canceled,2005-05-31 05:11:12,557,1593,100
Cake,Shipped,2011-04-03 00:51:44,776,1676,500
Muffins,Created,2002-05-19 12:27:17,903,1798,100
Muffins,Shipped,2000-08-04 11:30:38,819,1432,100
Muffins,Delivered,1983-05-10 14:35:59,542,1585,100
Muffins,Created,1995-09-15 05:34:30,214,1650,100
Cake,Created,1970-08-10 17:34:18,28,1580,500
Cookies,Canceled,2016-05-29 02:12:33,816,1774,50
Cake,Delivered,1987-06-17 21:39:52,168,1863,500
Cake,Shipped,1992-11-02 18:20:03,306,1524,500
Cake,Created,1998-03-18 13:13:57,458,1772,500
Cake,Delivered,2020-05-08 22:48:42,95,1225,500
Cake,Shipped,2016-07-27 20:08:00,876,1949,500
Cake,Created,2000-04-21 10:51:43,969,1661,500
Cake,Shipped,1988-03-17 05:58:00,148,1580,500
Cake,Shipped,2003-05-10 23:05:02,947,1888,500
Cookies,Canceled,2011-10-20 12:46:25,272,1543,50
Cookies,Delivered,1992-09-01 09:17:37,885,1994,50
Muffins,Canceled,1990-02-15 17:08:38,885,1850,100
Muffins,Created,1993-04-04 17:53:06,74,1610,100
Cookies,Shipped,1996-09-24 06:19:54,337,1188,50
Cake,Created,2017-05-17 21:46:13,935,1133,500
Muffins,Shipped,1999-10-20 03:34:58,794,1945,100
Cookies,Created,1975-11-06 12:08:06,209,1839,50
Cookies,Canceled,2016-08-03 15:59:49,485,1362,50
Muffins,Delivered,1977-03-15 23:53:18,223,1234,100
Cookies,Canceled,1975-05-12 20:59:37,876,1901,50
Cake,Delivered,1977-02-14 03:32:50,39,1847,500
Cookies,Canceled,2016-12-05 05:05:37,863,1980,50
Cookies,Delivered,2004-06-02 08:23:01,271,1551,50
Cookies,Created,2007-09-09 12:42:44,376,1390,50
Cookies,Shipped,1974-01-26 07:09:36,401,1496,50
Cake,Canceled,1987-07-02 00:27:00,798,1181,500
Cookies,Created,1995-11-15 11:16:34,442,1084,50
Muffins,Delivered,1999-07-23 10:22:42,840,1790,100
Cake,Canceled,1993-10-06 19:19:05,227,1870,500
Cake,Delivered,1975-09-16 03:55:53,610,1243,500
Cake,Shipped,2018-02-18 08:46:29,549,1643,500
Muffins,Shipped,2014-05-18 19:33:51,892,1523,100
Cake,Delivered,2019-03-08 09:15:55,930,1718,500
Cookies,Created,2016-04-06 11:58:16,405,1733,50
Cake,Shipped,1980-01-05 07:13:56,497,1825,500
Cake,Canceled,1984-06-11 14:27:28,614,1455,500
Cookies,Canceled,2011-12-16 00:51:38,611,1160,50
Muffins,Created,2002-09-14 13:30:50,944,1900,100
Cake,Canceled,2004-12-24 15:32:58,352,1587,500
Muffins,Shipped,1972-02-17 02:33:23,804,1629,100
Cake,Canceled,1996-11-09 11:01:41,509,1147,500
Muffins,Created,1989-12-28 08:20:02,106,1560,100
Muffins,Created,2008-01-18 18:08:37,760,1959,100
Muffins,Created,2011-03-14 00:47:49,133,1839,100
Cake,Shipped,2014-03-10 18:20:58,997,1829,500
Cake,Created,1987-10-16 20:59:06,845,1597,500
Cookies,Created,1978-06-16 22:11:08,456,1599,50
Cake,Shipped,1973-10-18 06:53:45,563,1817,500
Muffins,Shipped,2005-11-28 15:21:59,123,1516,100
Muffins,Canceled,2016-01-13 22:30:25,638,1954,100
Cake,Canceled,2021-12-16 02:01:29,4,1366,500
Cake,Delivered,1996-12-24 07:43:48,289,1727,500
Cookies,Shipped,1993-09-08 15:50:08,635,1476,50
Cookies,Delivered,2003-01-12 14:14:52,216,1929,50
Cake,Created,1985-08-20 19:07:12,30,1236,500
Muffins,Created,1999-11-06 00:09:42,108,1414,100
Cake,Canceled,1974-08-07 22:53:40,162,1649,500
Muffins,Canceled,1999-03-13 03:31:19,170,1144,100
Muffins,Canceled,1987-12-01 17:15:38,959,1121,100
Cake,Created,1999-03-24 03:08:34,325,1486,500
Cake,Delivered,2003-06-12 07:22:11,93,1504,500
Muffins,Created,1971-05-10 10:46:02,115,1117,100
Cake,Canceled,1976-01-20 12:06:40,386,1310,500
Cookies,Shipped,2000-09-28 09:45:20,154,1037,50
Cookies,Created,1989-02-12 01:49:42,571,1974,50
Cookies,Canceled,1990-03-30 10:49:35,195,1115,50
Muffins,Delivered,1982-05-25 10:23:05,365,1239,100
Muffins,Created,1997-06-28 10:37:54,767,1376,100
Muffins,Created,1999-09-04 06:16:36,629,1990,100
Cake,Delivered,1976-04-30 02:52:51,321,1094,500
Cake,Delivered,1997-08-21 05:58:37,454,1668,500
Muffins,Canceled,1992-03-22 01:37:51,301,1034,100
Muffins,Shipped,1984-09-20 12:58:58,325,1773,100
Cake,Canceled,1976-05-23 09:30:04,847,1552,500
Muffins,Canceled,1983-07-30 09:48:48,343,1419,100
Muffins,Delivered,1974-06-16 20:11:56,555,1050,100
Cookies,Shipped,1974-06-19 19:31:16,247,1919,50
Cake,Shipped,2004-09-09 08:18:30,773,1134,500
Cookies,Delivered,2020-02-09 01:20:37,412,1292,50
Cake,Created,2017-10-20 06:00:20,928,1900,500
Cake,Canceled,1984-12-25 13:06:29,677,1091,500
Cake,Created,1984-10-31 22:09:02,648,1874,500
Cake,Delivered,1971-11-26 01:34:19,526,1366,500
Muffins,Shipped,2002-07-15 16:19:09,90,1787,100
Cake,Canceled,2021-05-19 11:52:17,433,1462,500
Cake,Canceled,2000-03-17 16:16:10,973,1138,500
Muffins,Created,1973-04-23 06:31:56,814,1205,100
Cookies,Delivered,2016-12-26 00:58:34,373,1621,50
Cookies,Shipped,1973-10-25 14:55:28,932,1462,50
Cake,Shipped,1999-12-16 09:30:18,51,1023,500
Cookies,Delivered,1986-06-08 06:49:19,468,1615,50
Cookies,Canceled,2017-09-29 00:43:11,385,1497,50
Cake,Delivered,2003-07-26 06:00:49,700,1598,500
Cookies,Delivered,1988-07-06 04:53:17,676,1347,50
Cookies,Delivered,1986-10-02 20:57:48,652,1283,50
Muffins,Canceled,1980-02-08 01:09:47,566,1416,100
Muffins,Created,1978-12-25 10:14:01,632,1189,100
Muffins,Created,2000-07-16 15:32:59,706,1364,100
Cake,Canceled,1977-10-21 19:48:51,606,1472,500
Cookies,Shipped,1982-03-08 06:44:45,230,1800,50
Muffins,Shipped,1979-01-21 20:52:44,959,1677,100
Cake,Canceled,2015-01-05 01:26:33,507,1562,500
Cookies,Shipped,1991-12-27 15:58:06,241,1568,50
Muffins,Created,1975-11-22 13:11:13,414,1889,100
Cookies,Created,1983-06-11 17:45:46,699,1405,50
Cookies,Shipped,2011-12-12 03:36:11,462,1767,50
Cake,Shipped,2010-03-01 17:02:09,790,1265,500
Cake,Created,1985-10-26 05:48:01,836,1946,500
Muffins,Shipped,1976-01-10 07:04:13,192,1066,100
Cake,Shipped,1975-08-10 21:49:58,220,1504,500
Muffins,Created,2009-11-16 07:54:19,813,1709,100
Muffins,Created,2015-09-14 17:23:54,766,1605,100
Cookies,Delivered,2018-07-02 00:12:25,31,1664,50
Cookies,Created,1986-08-11 00:16:49,777,1748,50
Muffins,Canceled,1996-03-31 13:38:35,397,1717,100
Cookies,Created,1998-06-24 11:15:02,332,1220,50
Muffins,Shipped,1994-01-17 01:55:28,613,1353,100
Cake,Canceled,2022-01-10 08:17:43,877,1126,500
Muffins,Delivered,2018-12-11 20:20:35,695,1265,100
Cookies,Delivered,1998-08-28 11:25:32,72,1192,50
Muffins,Shipped,1970-04-23 02:53:08,653,1604,100
Cake,Delivered,1980-03-14 23:51:11,154,1281,500
Cookies,Created,1984-10-10 23:35:30,309,1475,50
Cookies,Canceled,2013-05-11 12:32:51,533,1896,50
Cake,Delivered,2008-06-21 10:04:50,958,1133,500
Cake,Delivered,1971-11-29 13:43:42,207,1953,500
Cake,Canceled,1982-10-16 18:55:47,978,1782,500
Cake,Shipped,1988-05-06 13:17:45,314,1312,500
Cake,Canceled,2003-11-24 18:32:35,516,1356,500
Cookies,Canceled,2009-07-12 06:10:45,363,1812,50
Cake,Created,2021-08-29 21:05:15,420,1736,500
Cookies,Created,1971-12-30 07:36:14,491,1446,50
Muffins,Created,1986-06-21 18:03:38,197,1552,100
Cookies,Canceled,2003-08-08 11:50:16,517,1684,50
Cookies,Created,2018-03-02 11:38:06,929,1263,50
Muffins,Canceled,2016-05-26 21:54:17,887,1648,100
Muffins,Canceled,1988-08-24 13:15:01,606,1709,100
Muffins,Canceled,2018-06-26 02:36:10,826,1420,100
Cake,Canceled,1974-04-04 16:50:48,807,1883,500
Cookies,Created,1974-10-04 18:54:49,602,1751,50
Muffins,Created,1988-02-11 16:25:16,749,1555,100
Muffins,Created,2014-02-16 14:48:04,477,1470,100
Cake,Canceled,1990-10-01 08:51:44,540,1258,500
Muffins,Created,2016-11-17 07:29:45,167,1816,100
Cookies,Created,2016-06-05 09:54:43,554,1210,50
Cake,Canceled,1989-04-16 16:43:44,529,1500,500
Muffins,Shipped,1987-10-26 07:45:25,305,1848,100
Muffins,Shipped,1983-03-02 20:47:31,889,1476,100
Cake,Canceled,2020-06-20 10:07:31,78,1150,500
Muffins,Shipped,2015-07-13 16:57:56,202,1443,100
Muffins,Created,1996-11-25 23:02:49,350,1542,100
Muffins,Delivered,2011-08-01 22:57:06,187,1424,100
Cake,Canceled,1984-12-20 05:15:37,838,1164,500
Cookies,Created,2000-03-16 01:54:22,45,1646,50
Cake,Canceled,1991-08-08 11:08:03,717,1446,500
Cake,Canceled,2011-07-30 23:26:17,248,1459,500
Muffins,Shipped,2018-08-14 12:09:13,74,1647,100
Muffins,Created,1992-09-16 08:00:55,943,1466,100
Cookies,Shipped,1980-06-04 00:52:01,568,1522,50
Cookies,Shipped,1977-06-12 22:46:42,409,1030,50
Cake,Shipped,2001-11-03 00:28:34,692,1299,500
Muffins,Delivered,2010-05-13 22:07:10,2,1694,100
Muffins,Shipped,2014-07-20 22:35:42,391,1681,100
Cake,Delivered,1996-02-29 20:20:40,507,1017,500
Muffins,Shipped,1973-09-30 10:42:51,609,1208,100
Muffins,Shipped,1979-09-10 08:23:07,257,1517,100
Cookies,Delivered,1998-07-05 18:36:08,299,1049,50
Cake,Delivered,2018-05-10 01:20:39,684,1877,500
Cake,Delivered,1988-11-22 13:16:23,743,1111,500
Cake,Delivered,1983-05-19 02:46:20,181,1822,500
Cookies,Canceled,2003-07-22 03:48:31,830,1386,50
Muffins,Shipped,1970-12-09 12:45:24,723,1434,100
Cookies,Canceled,1998-07-01 03:41:03,356,1254,50
Cake,Created,2022-04-19 05:21:52,958,1038,500
Cake,Created,1988-07-12 18:01:03,433,1142,500
Cookies,Created,1972-05-13 09:47:53,878,1328,50
Cookies,Created,1993-03-10 18:59:37,705,1126,50
Cake,Canceled,1980-11-23 11:48:14,899,1678,500
Cookies,Shipped,2014-09-25 03:25:08,424,1505,50
Cake,Shipped,1977-01-23 17:25:56,46,1709,500
Cake,Canceled,2016-02-08 15:04:57,313,1103,500
Cookies,Shipped,1993-11-01 17:33:05,37,1671,50
Cake,Shipped,1993-04-13 19:31:43,918,1193,500
Cake,Delivered,1978-03-29 05:05:23,530,1463,500
Cookies,Delivered,2020-11-09 03:34:33,654,1261,50
Cookies,Shipped,1985-10-24 21:57:36,105,1078,50
Cake,Shipped,1986-04-21 03:58:45,840,1822,500
Cake,Shipped,2021-05-31 10:34:17,117,1315,500
Cake,Created,2016-02-03 00:49:41,142,1669,500
Cake,Created,2023-03-18 14:34:00,934,1990,500
Cookies,Created,1972-06-30 14:15:04,437,1281,50
Cookies,Created,1979-11-20 14:28:44,260,1582,50
Muffins,Canceled,1983-01-13 01:13:57,519,1764,100
Muffins,Delivered,2015-12-25 12:53:53,164,1981,100
Cake,Created,1978-07-31 07:26:53,197,1542,500
Cake,Canceled,2014-02-14 13:22:05,508,1661,500
Muffins,Shipped,1972-01-07 03:47:16,407,1990,100
Cake,Canceled,2012-04-17 14:18:17,657,1024,500
Muffins,Shipped,2003-08-04 12:30:05,152,1943,100
Muffins,Delivered,2010-07-13 17:01:18,511,1505,100
Cake,Shipped,1970-10-03 21:14:35,818,1886,500
Muffins,Canceled,1988-08-02 05:22:54,534,1524,100
Cookies,Canceled,2015-11-21 16:43:00,172,1526,50
Cookies,Delivered,1971-01-15 03:17:22,868,1062,50
Cake,Created,2006-09-26 09:40:28,799,1445,500
Cookies,Delivered,1977-12-06 17:18:50,99,1256,50
Muffins,Shipped,1970-03-11 02:55:57,591,1751,100
Cake,Shipped,2006-02-01 09:39:44,688,1268,500
Muffins,Canceled,1998-07-17 12:24:09,491,1152,100
Muffins,Shipped,2005-09-18 15:22:43,611,1483,100
Cake,Shipped,1983-10-01 08:14:57,203,1416,500
Cake,Canceled,2017-08-10 09:40:55,174,1964,500
Muffins,Canceled,2016-01-06 12:17:15,862,1924,100
Muffins,Created,2004-04-28 13:21:34,51,1057,100
Cake,Delivered,2000-10-18 19:11:09,524,1708,500
Cake,Created,1990-04-09 19:11:40,536,1775,500
Cake,Shipped,1994-11-30 16:51:02,120,1782,500
Muffins,Shipped,2013-11-06 13:06:01,59,1446,100
Muffins,Shipped,1984-11-05 16:23:12,805,1333,100
Muffins,Shipped,2004-01-29 07:33:28,432,1708,100
Cookies,Canceled,1994-12-11 16:32:04,382,1934,50
Cake,Created,1974-01-22 07:08:50,48,1814,500
Cookies,Canceled,2016-06-10 00:36:51,987,1950,50
Cookies,Canceled,1978-04-04 23:06:08,177,1245,50
Cake,Canceled,2011-06-18 20:22:39,226,1471,500
Cake,Created,1981-11-02 12:43:38,248,1074,500
Muffins,Delivered,2009-08-29 08:36:44,667,1405,100
Cookies,Created,2023-02-05 12:57:02,355,1156,50
Cake,Canceled,2004-10-08 14:57:56,968,1779,500
Cake,Delivered,2018-06-02 15:26:12,80,1764,500
Cake,Delivered,2008-01-05 04:47:17,469,1048,500
Cake,Delivered,2001-07-07 08:49:48,720,1220,500
Cake,Delivered,2012-08-28 05:38:29,251,1151,500
Muffins,Delivered,1995-11-12 10:12:30,290,1546,100
Cake,Created,1992-02-29 18:33:35,625,1428,500
Cookies,Shipped,2004-02-07 18:23:47,594,1403,50
Muffins,Shipped,1995-12-15 19:57:43,871,1451,100
Cake,Canceled,2004-09-14 10:01:31,721,1042,500
Muffins,Created,1989-11-22 16:09:17,230,1510,100
Muffins,Canceled,1978-06-24 21:12:52,794,1595,100
Muffins,Delivered,2005-10-13 19:52:55,908,1636,100
Cake,Canceled,2018-02-22 09:21:17,653,1791,500
Muffins,Delivered,2009-07-24 07:12:13,597,1539,100
Muffins,Canceled,1971-10-07 00:51:02,252,1913,100
Cookies,Canceled,1970-10-11 10:32:25,789,1318,50
Cake,Shipped,2011-10-11 03:35:05,165,1161,500
Cookies,Shipped,2018-04-06 13:18:11,92,1844,50
Cookies,Shipped,1987-01-08 14:32:03,343,1167,50
Muffins,Canceled,2001-10-13 19:09:58,214,1066,100
Cookies,Shipped,1982-09-26 01:45:17,775,1490,50
Cake,Shipped,1984-11-02 03:52:36,22,1411,500
Muffins,Delivered,1973-02-13 02:25:00,225,1362,100
Muffins,Canceled,2022-07-07 17:24:57,180,1213,100
Cake,Delivered,1977-08-08 09:59:44,975,1144,500
Cookies,Shipped,2011-04-17 04:07:27,241,1212,50
Muffins,Created,1995-07-16 18:45:06,59,1233,100
Cake,Delivered,2004-01-24 06:53:50,978,1191,500
Cookies,Delivered,1991-09-03 09:28:31,972,1986,50
Cake,Canceled,1976-11-26 20:45:53,453,1762,500
Cake,Shipped,2015-03-13 14:29:49,830,1543,500
Cookies,Shipped,1988-03-21 21:05:26,941,1302,50
Cookies,Canceled,1990-06-22 17:36:54,734,1358,50
Cookies,Delivered,2019-06-03 13:14:00,211,1282,50
Cake,Canceled,1995-01-08 01:59:54,936,1332,500
Cookies,Shipped,1979-10-23 14:55:43,206,1646,50
Muffins,Canceled,2006-04-22 02:06:43,408,1326,100
Cookies,Shipped,2005-06-26 12:38:08,660,1516,50
Cookies,Delivered,2007-01-28 04:55:36,991,1150,50
Muffins,Delivered,1994-08-15 04:49:02,678,1028,100
Cookies,Created,1977-01-19 23:16:44,82,1571,50
Cake,Canceled,2002-12-16 19:22:23,872,1573,500
Muffins,Delivered,2009-06-18 10:50:37,539,1116,100
Cake,Canceled,1987-12-11 04:05:06,644,1749,500
Cookies,Canceled,2018-07-10 15:45:56,407,1474,50
Cookies,Delivered,1997-06-20 01:08:02,562,1456,50
Muffins,Canceled,1977-01-14 10:53:14,28,1655,100
Cake,Shipped,1972-12-19 05:58:15,429,1934,500
Cake,Shipped,2022-12-19 22:48:31,552,1185,500
Muffins,Created,2012-02-12 03:52:22,1,1387,100
Muffins,Delivered,2020-01-17 22:59:20,634,1293,100
Cookies,Shipped,1973-10-08 18:09:58,306,1870,50
Cake,Shipped,1997-12-19 18:54:22,454,1366,500
Cookies,Shipped,1975-02-10 08:36:58,904,1520,50
Muffins,Delivered,2000-10-04 07:17:16,834,1683,100
Cake,Delivered,1977-08-06 03:27:31,703,1820,500
Cake,Delivered,1977-09-12 16:13:30,10,1431,500
Cake,Canceled,1978-11-26 07:33:40,525,1755,500
Cookies,Delivered,1980-12-05 22:18:07,846,1482,50
Cookies,Shipped,2006-11-03 12:27:17,278,1158,50
Muffins,Shipped,1981-11-28 08:29:20,483,1592,100
Muffins,Delivered,1971-03-30 15:47:15,964,1030,100
Cookies,Created,1986-05-11 01:57:27,138,1046,50
Muffins,Created,1976-04-30 13:21:24,202,1884,100
Cake,Created,1987-06-07 05:59:37,467,1599,500
Cake,Created,2006-01-03 15:51:04,391,1755,500
Cookies,Canceled,2022-05-26 03:16:52,318,1061,50
Cookies,Created,1999-03-07 09:31:20,761,1040,50
Muffins,Created,1976-03-06 11:31:25,329,1860,100
Muffins,Canceled,1970-04-27 21:02:21,395,1762,100
Cake,Created,2016-01-03 09:12:29,228,1582,500
Cookies,Delivered,1984-04-12 16:50:44,77,1925,50
Cookies,Delivered,2003-07-30 20:08:37,110,1211,50
Cookies,Canceled,1996-12-26 03:33:54,931,1929,50
Cake,Canceled,1978-07-01 15:55:50,286,1911,500
Cake,Created,1977-01-31 16:32:28,471,1506,500
Cookies,Delivered,2012-05-02 08:13:41,203,1053,50
Muffins,Created,1979-10-16 01:56:41,205,1635,100
Cake,Shipped,2006-07-18 17:15:13,488,1653,500
Cake,Canceled,2017-08-11 15:19:24,363,1236,500
Cake,Canceled,2006-10-09 08:43:24,902,1874,500
Cake,Canceled,1981-08-02 12:22:35,987,1783,500
Cookies,Created,2018-01-04 12:52:29,158,1528,50
Cake,Created,1995-03-13 20:53:26,994,1590,500
Cake,Shipped,1993-12-05 09:53:50,304,1960,500
Muffins,Delivered,2012-07-21 15:47:32,937,1477,100
Cookies,Delivered,1977-08-03 19:36:47,576,1425,50
Cake,Created,2010-02-06 06:42:57,201,1682,500
Cookies,Shipped,1999-12-10 22:26:42,75,1944,50
Cookies,Delivered,1974-02-08 05:25:30,438,1273,50
Cookies,Created,1985-09-30 11:21:36,106,1846,50
Muffins,Canceled,1974-02-01 01:42:52,191,1950,100
Muffins,Shipped,2012-08-09 19:27:56,846,1056,100
Cookies,Canceled,1995-06-14 21:26:01,309,1597,50
Muffins,Canceled,1985-11-22 19:36:58,564,1143,100
Cake,Delivered,1990-01-31 01:55:47,59,1791,500
Cookies,Delivered,2008-02-17 06:35:24,996,1580,50
Cake,Created,1977-10-20 00:52:44,389,1638,500
Cake,Created,2017-12-22 04:01:01,273,1774,500
Cake,Canceled,1977-09-13 16:30:49,648,1197,500
Cookies,Canceled,2010-12-03 22:49:11,288,1865,50
Cookies,Canceled,1996-01-27 19:05:06,842,1957,50
Muffins,Delivered,1979-12-07 04:55:36,292,1748,100
Cookies,Created,2021-07-26 02:22:39,640,1005,50
Cookies,Canceled,1979-11-22 05:44:00,990,1903,50
Cake,Created,1974-11-28 12:31:00,15,1718,500
Cookies,Created,2006-06-16 23:54:08,463,1799,50
Cookies,Canceled,1994-04-20 14:04:11,762,1916,50
Muffins,Shipped,2021-12-13 20:55:42,412,1378,100
Cookies,Created,1995-03-08 20:57:20,654,1151,50
Cake,Delivered,1986-09-11 23:56:38,997,1960,500
Cake,Delivered,1992-11-10 23:54:54,899,1827,500
Muffins,Delivered,2023-05-03 12:44:35,591,1827,100
Cookies,Created,2019-04-18 11:25:05,795,1286,50
Cookies,Canceled,1989-11-02 16:42:35,599,1203,50
Cookies,Delivered,2016-01-01 12:07:31,33,1251,50
Cookies,Shipped,1981-10-27 04:00:17,178,1239,50
Cookies,Created,2010-01-17 03:58:30,637,1003,50
Cookies,Created,2004-05-22 02:13:22,546,1069,50
Cake,Delivered,1979-05-19 12:58:47,647,1188,500
Cake,Created,1976-12-01 12:02:40,149,1094,500
Cake,Canceled,2004-02-02 16:07:40,989,1818,500
Cookies,Created,2020-02-27 06:42:35,478,1814,50
Muffins,Canceled,1999-11-25 19:38:59,856,1984,100
Muffins,Shipped,1994-12-28 22:56:19,127,1041,100
Cookies,Created,1986-07-24 06:57:54,161,1858,50
Cookies,Shipped,2008-10-16 00:41:57,294,1893,50
Cake,Created,1981-09-21 04:36:45,707,1890,500
Cake,Canceled,1991-02-22 19:16:52,960,1779,500
Cookies,Canceled,1977-03-22 09:17:02,780,1700,50
Cookies,Created,1987-05-04 21:14:08,749,1004,50
Muffins,Created,1995-10-24 19:11:18,630,1252,100
Cake,Created,2009-09-28 09:58:03,648,1479,500
Muffins,Canceled,1995-10-09 21:28:29,16,1377,100
Cake,Shipped,2017-07-22 16:04:07,153,1289,500
Cake,Canceled,1974-11-04 21:25:06,738,1796,500
Cookies,Created,2007-08-20 15:14:12,426,1919,50
Muffins,Delivered,1974-10-26 02:50:28,695,1032,100
Cake,Created,2000-10-29 12:53:28,616,1684,500
Muffins,Canceled,1990-04-14 04:41:26,332,1280,100
Cookies,Delivered,2002-11-13 18:55:55,959,1766,50
Muffins,Canceled,1984-10-18 02:01:45,800,1199,100
Muffins,Canceled,1995-12-10 09:10:43,23,1573,100
Cookies,Canceled,2022-01-04 12:19:06,493,1882,50
Cookies,Delivered,2002-04-26 18:34:40,977,1730,50
Muffins,Created,1977-08-22 11:37:58,428,1466,100
Cake,Created,2015-01-13 03:27:49,61,1121,500
Cookies,Shipped,1993-05-08 13:13:54,647,1006,50
Cookies,Shipped,1972-12-06 08:15:33,177,1170,50
Cake,Canceled,1997-10-24 19:09:21,312,1357,500
Muffins,Shipped,1972-05-15 23:37:56,974,1608,100
Cake,Canceled,2003-11-27 01:00:58,144,1059,500
Muffins,Delivered,1988-03-19 20:23:58,637,1996,100
Cookies,Created,1995-10-06 07:05:09,479,1965,50
Cookies,Shipped,1980-08-16 12:53:35,560,1371,50
Cookies,Shipped,1972-06-20 18:17:56,68,1277,50
Muffins,Shipped,2008-08-26 16:49:53,239,1298,100
Cookies,Delivered,1984-08-18 14:27:57,311,1706,50
Cookies,Created,1995-06-10 21:52:11,65,1765,50
Cake,Shipped,1974-04-16 06:50:24,249,1184,500
Cake,Shipped,2002-09-25 06:25:00,144,1667,500
Cake,Delivered,1999-03-19 22:43:25,685,1059,500
Muffins,Shipped,2004-09-12 05:34:28,973,1602,100
Cake,Delivered,2016-04-23 04:05:09,716,1470,500
Cake,Created,2001-03-04 06:02:10,65,1424,500
Muffins,Canceled,2010-12-26 01:07:11,947,1170,100
Cookies,Shipped,1996-09-05 09:01:34,49,1514,50
Muffins,Shipped,1994-12-13 20:32:27,546,1208,100
Cookies,Delivered,2010-04-08 20:46:02,586,1010,50
Muffins,Canceled,2006-10-27 11:51:59,837,1516,100
Cookies,Canceled,1990-02-03 00:53:43,526,1910,50
Cake,Created,2016-10-23 02:18:26,876,1365,500
Cake,Created,2000-10-26 22:18:14,130,1922,500
Cookies,Delivered,1995-02-16 22:19:33,419,1048,50
Cookies,Delivered,2000-04-06 13:32:02,114,1596,50
Cake,Canceled,2000-04-23 08:53:19,606,1493,500
Muffins,Delivered,2010-06-22 14:59:16,249,1723,100
Cake,Created,2005-07-10 05:52:39,827,1444,500
Cookies,Created,2004-07-18 15:06:32,270,1583,50
Cookies,Canceled,2006-12-09 11:48:10,713,1663,50
Cake,Created,2023-04-25 10:36:30,175,1570,500
Cookies,Delivered,1998-09-22 17:11:15,135,1224,50
Cookies,Delivered,1997-10-25 19:09:41,407,1793,50
Cookies,Canceled,2015-04-10 02:16:17,18,1091,50
Cookies,Delivered,2005-02-23 01:51:11,439,1335,50
Cookies,Canceled,2015-08-05 19:13:11,286,1838,50
Cake,Shipped,1983-06-21 22:50:24,135,1710,500
Muffins,Delivered,2006-09-13 15:47:09,110,1008,100
Cookies,Canceled,1974-06-24 17:10:34,870,1787,50
Muffins,Canceled,1985-11-21 16:35:45,424,1554,100
Muffins,Created,1974-01-15 16:03:14,700,1136,100
Muffins,Shipped,2014-10-10 13:45:13,328,1097,100
Cookies,Delivered,2013-09-24 20:03:38,869,1291,50
Cookies,Shipped,1983-11-20 17:49:14,514,1759,50
Cookies,Canceled,2017-03-24 05:59:58,277,1691,50
Muffins,Delivered,1973-06-27 16:57:20,501,1661,100
Cookies,Delivered,2003-03-15 09:13:43,542,1047,50
Cake,Delivered,2011-10-21 13:04:08,140,1160,500
Cookies,Delivered,2020-05-19 06:52:56,242,1672,50
Cake,Delivered,2006-02-10 02:40:44,23,1060,500
Cookies,Delivered,1986-12-23 13:20:40,79,1161,50
Cake,Delivered,1998-11-30 01:21:10,865,1136,500
Cake,Shipped,1986-12-31 22:21:34,113,1394,500
Muffins,Delivered,1975-09-29 18:46:51,326,1583,100
Cookies,Shipped,2023-06-18 11:20:38,596,1010,50
Muffins,Shipped,1976-10-07 21:22:18,692,1416,100
Cake,Canceled,2022-07-24 16:38:52,520,1879,500
Muffins,Shipped,2016-10-21 00:42:56,442,1581,100
Cake,Created,2017-11-09 09:51:43,844,1424,500
Cake,Shipped,1993-07-11 16:24:26,691,1141,500
Muffins,Canceled,2011-11-24 05:35:09,270,1659,100
Cookies,Canceled,2022-08-30 15:20:20,429,1212,50
Cake,Canceled,1988-02-04 19:22:47,111,1996,500
Muffins,Delivered,2007-05-09 11:54:07,791,1307,100
Cookies,Delivered,1970-09-18 01:38:03,586,1311,50
Muffins,Canceled,2016-09-10 23:06:53,390,1420,100
Muffins,Canceled,2016-03-30 10:48:37,683,1642,100
Muffins,Created,1976-03-14 04:38:15,51,1055,100
Cookies,Canceled,1987-05-10 04:59:06,832,1200,50
Muffins,Canceled,2013-12-21 02:54:34,377,1951,100
Muffins,Delivered,1988-02-08 06:04:13,262,1226,100
Cookies,Canceled,1986-01-02 01:19:49,972,1692,50
Cookies,Shipped,2011-03-17 19:27:10,827,1947,50
Cake,Delivered,2013-11-13 18:16:35,166,1569,500
Cookies,Created,1996-12-28 17:05:54,874,1941,50
Cookies,Canceled,2011-02-24 16:23:43,72,1251,50
Cookies,Canceled,1991-06-10 22:05:30,90,1648,50
Cake,Shipped,1985-07-01 06:28:53,458,1024,500
Muffins,Delivered,2020-08-21 04:54:19,403,1850,100
Cake,Canceled,1989-06-06 09:57:04,206,1810,500
Cake,Canceled,2017-01-26 00:01:14,374,1763,500
Cookies,Delivered,2020-05-28 17:58:23,478,1004,50
Muffins,Delivered,1995-11-22 22:32:43,815,1259,100
Cookies,Created,2012-11-19 10:45:06,893,1470,50
Cake,Created,2001-05-21 09:41:25,561,1894,500
Cookies,Shipped,1971-01-30 19:11:13,539,1219,50
Muffins,Created,1999-08-15 15:05:41,530,1367,100
Cookies,Canceled,2022-02-23 23:34:57,859,1185,50
Cookies,Shipped,2020-04-17 01:26:25,160,1340,50
Cookies,Created,2002-09-17 09:25:42,351,1708,50
Cookies,Delivered,2001-06-13 15:55:39,155,1207,50
Muffins,Canceled,2015-07-23 16:45:23,536,1195,100
Cookies,Canceled,1985-02-05 20:26:10,260,1389,50
Cookies,Delivered,1973-07-01 16:03:06,664,1899,50
Cake,Canceled,1974-09-13 01:25:14,752,1619,500
Cake,Canceled,2009-06-10 17:29:15,241,1216,500
Cake,Shipped,2021-11-16 18:17:42,815,1500,500
Cookies,Created,1994-07-18 20:56:13,817,1299,50
Cookies,Delivered,2023-05-16 05:30:26,320,1924,50
Cookies,Delivered,1980-11-16 07:06:26,558,1706,50
Cake,Created,1999-12-19 12:27:32,792,1602,500
Cookies,Created,1995-08-10 20:20:22,333,1477,50
Cookies,Delivered,1985-02-03 17:13:00,65,1221,50
Cake,Delivered,2018-12-19 12:24:37,840,1189,500
Muffins,Delivered,1988-03-07 13:22:49,143,1159,100
Cake,Canceled,1982-07-26 08:14:34,542,1162,500
Cookies,Canceled,1978-04-18 18:46:14,889,1169,50
Cookies,Canceled,2016-09-25 16:42:37,203,1229,50
Cookies,Canceled,1972-10-11 20:46:35,504,1410,50
Muffins,Delivered,2006-03-08 15:14:08,971,1408,100
Cookies,Shipped,2018-04-05 09:52:33,599,1176,50
Cake,Delivered,2004-03-16 03:38:54,739,1229,500
Muffins,Delivered,1979-03-17 06:58:41,260,1192,100
Muffins,Canceled,1970-04-08 10:47:10,980,1283,100
Muffins,Shipped,2010-07-03 09:10:26,286,1262,100
Cookies,Canceled,2007-07-30 23:32:36,599,1013,50
Cookies,Shipped,1981-07-13 19:31:23,29,1150,50
Muffins,Shipped,1974-04-07 08:13:08,358,1810,100
Muffins,Canceled,2004-04-13 19:29:50,943,1041,100
Cake,Delivered,1995-12-07 15:20:38,520,1129,500
Cookies,Delivered,2006-05-19 03:39:08,229,1070,50
Cookies,Shipped,1972-05-14 20:48:21,748,1204,50
Muffins,Canceled,2006-04-07 05:22:44,603,1396,100
Muffins,Created,1973-11-02 03:56:30,4,1186,100
Muffins,Delivered,2022-09-07 16:27:44,394,1817,100
Cookies,Delivered,2001-07-14 15:28:49,331,1690,50
Muffins,Delivered,1976-08-02 22:49:00,290,1779,100
Cake,Created,2012-05-06 01:36:26,752,1645,500
Muffins,Created,1990-08-31 11:58:04,61,1915,100
Cake,Shipped,2006-06-10 04:22:21,289,1662,500
Muffins,Canceled,1991-04-20 16:35:25,606,1037,100
Cookies,Delivered,2008-11-02 03:45:17,315,1950,50
Cake,Shipped,1982-04-05 13:18:20,329,1528,500
Cake,Delivered,2011-10-17 22:42:14,762,1787,500
Muffins,Canceled,2002-03-01 02:55:03,247,1363,100
Cookies,Shipped,2015-04-03 04:36:51,484,1366,50
Cake,Delivered,2002-12-05 01:01:01,350,1693,500
Cake,Created,2005-10-30 10:08:10,659,1319,500
Muffins,Created,1970-04-16 12:13:23,823,1110,100
Muffins,Shipped,1973-07-19 16:00:25,147,1111,100
Cookies,Created,1982-11-10 02:51:15,324,1438,50
Cookies,Shipped,1975-04-05 01:37:05,546,1793,50
Muffins,Delivered,1976-03-24 22:27:00,575,1814,100
Cookies,Delivered,2023-07-17 04:27:46,918,1075,50
Cookies,Canceled,1995-04-22 11:27:29,240,1056,50
Cake,Shipped,1978-09-24 23:24:53,759,1782,500
Muffins,Shipped,2008-08-18 03:21:56,854,1001,100
Cookies,Canceled,1997-05-27 04:51:59,940,1019,50
Muffins,Delivered,1982-10-09 23:20:51,86,1655,100
Cake,Delivered,1980-01-07 16:34:43,207,1113,500
Muffins,Canceled,1981-12-28 07:13:22,477,1172,100
Cake,Canceled,2002-01-08 18:38:17,81,1981,500
Cake,Delivered,1986-12-23 00:32:50,629,1012,500
Cake,Created,2007-06-14 01:07:10,121,1391,500
Cake,Created,1987-03-19 13:37:34,285,1986,500
Cake,Canceled,2007-11-04 21:30:15,291,1176,500
Cake,Canceled,2013-02-23 11:04:02,260,1962,500
Muffins,Created,2013-08-01 11:38:18,654,1133,100
Cake,Shipped,2022-02-26 18:20:55,738,1506,500
Cookies,Delivered,1976-10-10 19:10:39,498,1616,50
Cake,Shipped,2005-11-15 04:30:14,694,1871,500
Cookies,Delivered,2018-02-18 23:39:24,605,1110,50
Cake,Canceled,1986-04-07 08:36:04,200,1811,500
Muffins,Shipped,1985-08-08 02:04:31,657,1140,100
Cake,Shipped,2000-02-19 12:54:45,70,1514,500
Cookies,Canceled,2004-03-24 21:16:01,917,1928,50
Cookies,Shipped,2001-03-18 00:37:29,800,1262,50
Cookies,Delivered,1999-05-26 14:31:22,458,1104,50
Cake,Created,2014-12-21 00:55:57,677,1629,500
Muffins,Shipped,1976-04-05 15:17:53,50,1087,100
Cake,Delivered,1985-10-20 19:51:10,264,1338,500
Cookies,Delivered,1972-04-12 19:43:30,486,2000,50
Muffins,Canceled,1975-03-14 22:22:26,210,1049,100
Cookies,Canceled,1980-02-03 21:10:38,517,1990,50
Cookies,Canceled,2012-11-13 14:05:32,372,1483,50
Muffins,Delivered,2008-05-25 08:26:40,866,1131,100
Cake,Canceled,1983-12-06 04:09:54,876,1251,500
Cookies,Canceled,2020-03-15 18:10:54,446,1653,50
Cookies,Created,2022-09-20 04:00:42,250,1141,50
Cake,Canceled,2023-08-02 10:17:44,233,1330,500
Cake,Created,1988-03-20 14:12:24,928,1351,500
Cake,Canceled,2006-01-02 10:15:00,605,1484,500
Cake,Created,2009-07-02 09:28:08,312,1927,500
Cookies,Shipped,2011-11-28 07:31:53,20,1599,50
Cake,Shipped,1991-03-02 13:49:51,61,1544,500
Muffins,Delivered,2022-10-13 13:21:25,949,1393,100
Cookies,Created,2005-06-01 15:54:33,187,1719,50
Cake,Created,2006-02-09 08:40:28,67,1572,500
Cookies,Created,1972-11-10 08:27:22,706,1622,50
Cookies,Canceled,1989-09-05 18:46:50,187,1512,50
Muffins,Canceled,1999-04-28 04:44:21,779,1063,100
Cookies,Shipped,1973-10-15 04:40:06,547,1192,50
Cookies,Canceled,2019-01-14 04:26:22,477,1289,50
Muffins,Shipped,1996-10-15 20:01:23,26,1540,100
Cake,Shipped,1985-10-09 09:26:56,958,1593,500
Muffins,Shipped,1997-06-11 14:13:54,745,1120,100
Cake,Created,1997-02-01 13:39:00,118,1026,500
Cake,Shipped,2003-08-30 16:33:34,910,1425,500
Cake,Delivered,1982-04-29 01:22:08,684,1605,500
Muffins,Canceled,1985-09-05 06:10:17,514,1584,100
Cake,Shipped,1985-09-25 10:43:27,91,1827,500
Cake,Canceled,2000-01-18 23:48:58,617,1386,500
Cake,Delivered,2015-05-08 18:17:49,865,1378,500
Muffins,Shipped,2012-06-07 08:24:45,798,1165,100
Cake,Delivered,1978-12-03 00:52:21,369,1764,500
Cookies,Canceled,1973-10-12 16:36:00,669,1595,50
Cookies,Shipped,1992-12-20 21:48:02,204,1588,50
Cookies,Canceled,1986-07-22 01:14:31,785,1644,50
Muffins,Canceled,2017-05-24 23:29:54,872,1527,100
Cookies,Delivered,1970-03-12 17:56:28,128,1817,50
Cookies,Canceled,2022-03-25 19:47:43,951,1315,50
Cake,Created,2022-11-01 12:11:40,512,1929,500
Cookies,Shipped,2001-03-05 13:28:30,380,1604,50
Cake,Created,2012-08-14 10:48:54,687,1012,500
Cookies,Canceled,1980-04-07 07:06:32,478,1391,50
Cake,Shipped,2010-08-11 03:24:25,147,1196,500
Muffins,Shipped,2003-11-28 19:56:17,40,1084,100
Cake,Shipped,1982-10-11 09:58:51,268,1144,500
Cookies,Created,1987-08-15 01:17:07,850,1495,50
Muffins,Delivered,2017-08-21 23:52:48,892,1002,100
Muffins,Delivered,1976-02-13 14:47:28,940,1446,100
Cookies,Canceled,1986-05-24 16:30:38,691,1318,50
Muffins,Shipped,1991-05-03 01:01:27,366,1255,100
Cake,Canceled,1985-06-05 14:21:39,220,1405,500
Muffins,Delivered,2000-01-17 23:04:30,154,1070,100
Cake,Shipped,1980-08-09 11:37:35,52,1916,500
Cookies,Delivered,2020-10-15 12:12:23,944,1965,50
Cookies,Shipped,2017-08-20 14:59:31,693,1038,50
Cake,Canceled,1986-08-12 10:19:58,617,1881,500
Cookies,Shipped,2021-11-12 10:41:25,153,1596,50
Cake,Canceled,2008-12-09 00:59:09,69,1755,500
Cookies,Shipped,2017-09-23 19:51:32,738,1666,50
Muffins,Delivered,2003-01-15 06:15:30,474,1501,100
Cookies,Delivered,2004-05-28 20:38:26,35,1318,50
Cake,Shipped,2017-01-14 22:19:33,110,1558,500
Cookies,Canceled,1982-11-10 09:03:53,208,1963,50
Muffins,Created,2017-09-28 11:48:25,277,1452,100
Cake,Created,2019-02-10 05:26:43,974,1392,500
Cookies,Shipped,1982-01-29 03:31:44,922,1423,50
Cookies,Delivered,1990-11-12 12:58:33,164,1353,50
Muffins,Shipped,1981-12-16 08:10:17,896,1617,100
Muffins,Delivered,2005-03-05 21:35:13,713,1903,100
Cookies,Shipped,1996-08-22 10:26:39,893,1073,50
Muffins,Created,1996-11-16 14:59:58,224,1306,100
Cake,Canceled,2016-11-14 02:00:23,103,1695,500
Muffins,Shipped,1984-05-08 07:26:05,252,1756,100
Cake,Delivered,1970-12-04 19:44:03,370,1811,500
Cookies,Delivered,1989-08-03 21:01:34,169,1445,50
Cake,Shipped,2011-05-27 13:18:47,216,1506,500
Muffins,Created,2012-01-01 03:44:35,799,1732,100
Cake,Created,2021-03-30 00:50:30,820,1336,500
Muffins,Shipped,2013-03-15 06:15:42,967,1053,100
Cookies,Canceled,1981-09-21 00:02:03,542,1547,50
Cake,Shipped,1981-11-06 12:56:04,829,1242,500
Cake,Created,2009-03-18 04:45:39,202,1228,500
Cake,Delivered,1974-08-08 18:22:52,405,1426,500
Cake,Canceled,1974-05-05 17:38:33,89,1237,500
Cake,Canceled,1982-06-21 11:50:52,311,1171,500
Cake,Delivered,1973-01-16 20:51:56,581,1209,500
Cookies,Created,2001-08-19 01:31:43,771,1528,50
Cake,Delivered,1988-01-21 03:03:42,140,1513,500
Cookies,Created,2010-10-03 12:59:57,623,1025,50
Cake,Canceled,1970-08-10 20:00:49,985,1836,500
Cake,Shipped,1972-05-28 05:45:46,34,1365,500
Cake,Created,1990-10-25 03:27:23,454,1371,500
Cake,Created,2014-12-16 14:14:42,422,1675,500
Muffins,Shipped,1974-06-23 11:20:42,885,1361,100
Cake,Shipped,1980-04-13 17:57:15,204,1270,500
Cookies,Canceled,2001-05-10 18:02:17,918,1991,50
Muffins,Delivered,2023-01-19 04:07:39,80,1374,100
Cookies,Delivered,1985-07-27 04:59:33,907,1021,50
Cookies,Delivered,1990-10-24 17:46:44,540,1297,50
Cookies,Shipped,2005-09-17 20:12:24,335,1188,50
Muffins,Canceled,1984-03-08 10:01:25,826,1470,100
Muffins,Created,2019-04-08 00:23:26,924,1857,100
Muffins,Shipped,1999-07-10 12:55:05,727,1777,100
Cake,Created,2016-10-16 09:05:06,867,1090,500
Muffins,Delivered,2005-11-12 09:19:15,271,1399,100
Cake,Delivered,2013-07-16 23:25:03,571,1418,500
Muffins,Shipped,1994-04-24 02:13:37,148,1202,100
Muffins,Delivered,1997-05-29 16:44:02,489,1672,100
Muffins,Canceled,1992-04-06 14:10:29,107,1425,100
Cookies,Delivered,2002-05-28 20:52:56,380,1815,50
Cake,Canceled,2000-11-10 09:37:21,428,1662,500
Cookies,Delivered,2023-03-21 05:49:25,966,1349,50
Cookies,Delivered,1998-09-07 12:55:56,93,1159,50
Cake,Created,1998-09-03 18:01:36,750,1690,500
Cake,Shipped,1973-01-03 12:06:20,435,1519,500
Muffins,Shipped,2006-02-27 11:49:42,255,1302,100
Muffins,Created,1992-01-16 04:13:56,765,1886,100
Muffins,Delivered,1987-09-25 23:01:31,147,1030,100
Cookies,Shipped,1997-02-17 04:11:31,471,1812,50
Cake,Canceled,1974-04-07 09:50:49,316,1028,500
Cookies,Shipped,2001-05-24 23:13:52,76,1161,50
Cake,Canceled,1993-11-02 09:17:17,739,1337,500
Cookies,Created,1970-09-11 18:13:39,427,1825,50
Muffins,Canceled,1976-12-09 04:12:00,774,1353,100
Cake,Created,2007-04-23 10:44:11,92,1737,500
Cookies,Created,2020-10-26 18:44:51,515,1517,50
Muffins,Created,1982-12-24 00:08:35,714,1123,100
Cookies,Shipped,2001-02-10 15:56:04,699,1724,50
Cake,Created,1990-04-27 02:57:21,854,1586,500
Cake,Shipped,2017-03-19 23:15:38,813,1575,500
Cake,Shipped,1986-10-13 04:31:47,627,1984,500
Cookies,Created,1978-06-13 19:45:40,607,1211,50
Muffins,Created,2015-02-01 20:36:20,166,1238,100
Cake,Shipped,1989-10-20 03:44:41,910,1864,500
Cake,Shipped,2020-03-04 21:34:46,24,1375,500
Cake,Shipped,1995-07-13 18:16:14,203,1941,500
Cookies,Shipped,1992-10-08 09:21:38,584,1209,50
Cookies,Delivered,1973-01-18 22:02:39,235,1955,50
Cake,Delivered,1980-09-17 17:48:11,229,1548,500
Cake,Canceled,2017-05-02 22:11:54,109,1129,500
Cookies,Created,1975-09-29 18:17:48,127,1606,50
Cookies,Shipped,1970-02-17 19:20:00,61,1937,50
Cookies,Canceled,2021-05-26 20:24:25,331,1284,50
Cookies,Created,2003-08-20 09:36:47,345,1770,50
Muffins,Created,1995-02-02 11:11:57,947,1354,100
Cookies,Shipped,1997-07-13 00:14:58,950,1887,50
Cookies,Created,1982-04-30 02:38:16,70,1011,50
Muffins,Shipped,2005-06-03 00:51:22,361,1736,100
Cake,Created,2019-03-22 10:42:25,12,1030,500
Cake,Canceled,1996-04-16 04:46:29,301,1604,500
Cookies,Created,2022-09-29 23:13:16,212,1850,50
Cookies,Shipped,2005-06-21 06:57:42,740,1737,50
Cookies,Created,1997-11-26 22:58:13,801,1696,50
Muffins,Created,2006-07-25 21:55:45,661,1966,100
Cookies,Created,2007-01-25 20:57:29,655,1369,50
Cake,Created,1998-04-10 23:48:10,301,1078,500
Muffins,Canceled,2007-08-02 02:38:33,11,1322,100
Muffins,Canceled,1996-09-08 16:08:11,321,1016,100
Cake,Canceled,1989-05-16 19:41:30,40,1026,500
Cookies,Delivered,1976-04-28 12:19:48,109,1943,50
Cake,Delivered,2013-07-28 23:58:37,862,1695,500
Cake,Delivered,1993-08-28 21:09:17,636,1692,500
Muffins,Shipped,1978-07-15 07:25:11,891,1927,100
Cookies,Created,1972-12-05 18:13:55,161,1025,50
Cake,Shipped,2008-09-13 09:03:24,461,1369,500
Muffins,Created,1998-11-21 22:51:20,206,1079,100
Cookies,Delivered,2019-07-07 12:00:32,13,1209,50
Cookies,Delivered,1975-05-22 09:31:51,309,1266,50
Cake,Delivered,2009-04-27 04:07:00,487,1219,500
Muffins,Created,2008-05-22 21:12:34,485,1628,100
Muffins,Delivered,2003-07-24 17:01:07,718,1596,100
Cookies,Canceled,1993-03-22 17:01:47,658,1654,50
Cookies,Canceled,1982-10-23 06:37:50,405,1878,50
Muffins,Canceled,1994-10-28 00:30:45,847,1821,100
Cake,Created,2021-07-03 00:59:19,603,1370,500
Muffins,Canceled,1980-07-17 23:21:51,484,1550,100
Cake,Canceled,1995-03-11 11:16:09,810,1261,500
Muffins,Delivered,1973-11-15 03:44:09,393,1100,100
Muffins,Shipped,1998-09-05 21:02:34,492,1352,100
Muffins,Canceled,2008-07-11 18:17:37,302,1309,100
Muffins,Canceled,2000-03-26 00:04:25,777,1325,100
Cake,Canceled,2011-11-07 23:56:10,238,1108,500
Cookies,Shipped,1989-11-21 15:13:28,618,1614,50
Cake,Delivered,1983-03-26 16:27:26,336,1405,500
Muffins,Created,1989-03-12 05:16:50,187,1109,100
Muffins,Delivered,1993-02-25 12:43:19,109,1384,100
Muffins,Shipped,1977-04-20 09:34:54,901,1225,100
Muffins,Created,2005-08-30 10:19:42,560,1018,100
Cookies,Delivered,1980-01-21 00:55:35,152,1762,50
Cookies,Shipped,2016-04-30 03:33:01,193,1574,50
Muffins,Canceled,2015-01-18 18:47:44,636,1752,100
Cake,Shipped,2009-12-15 16:30:48,745,1635,500
Cake,Canceled,2018-05-28 20:34:00,990,1393,500
Cake,Delivered,2012-09-19 10:52:59,682,1960,500
Cake,Delivered,1978-07-11 22:18:33,923,1728,500
Cookies,Shipped,2006-04-10 15:41:29,463,1824,50
Muffins,Canceled,1983-08-29 04:10:45,820,1915,100
Cookies,Canceled,1989-02-27 06:40:01,827,1769,50
Muffins,Delivered,2021-01-21 13:41:02,810,1309,100
Muffins,Canceled,1971-01-05 17:30:53,306,1996,100
Cookies,Shipped,1999-06-12 09:58:34,216,1415,50
Muffins,Canceled,1989-03-18 17:23:20,984,1370,100
Cake,Canceled,1972-12-25 00:49:52,525,1671,500
Cookies,Shipped,2011-05-09 02:23:34,765,1617,50
Cake,Created,1982-12-15 21:01:09,421,1484,500
Muffins,Delivered,1997-06-29 18:57:27,735,1215,100
Cookies,Created,1990-04-26 21:28:03,185,1283,50
Cookies,Delivered,1971-08-11 20:11:35,883,1558,50
Muffins,Delivered,2017-01-18 13:59:32,510,1474,100
Cookies,Delivered,1984-05-27 12:21:04,278,1667,50
Muffins,Shipped,1994-02-23 22:03:11,72,1430,100
Cake,Delivered,1984-04-23 01:19:59,937,1398,500
Muffins,Shipped,1970-06-10 03:48:49,940,1828,100
Cookies,Created,1976-02-26 09:13:04,686,1591,50
Cake,Canceled,2020-04-27 04:17:26,493,1350,500
Cake,Canceled,2009-11-17 12:09:56,532,1318,500
Cookies,Created,1995-12-30 00:06:06,485,1584,50
Muffins,Created,1973-02-21 20:36:37,978,1878,100
Muffins,Canceled,2018-10-25 05:47:11,727,1069,100
Cake,Delivered,2007-11-08 00:03:18,427,1878,500
Cake,Shipped,1989-02-24 18:13:21,739,1305,500
Cake,Delivered,1990-05-16 23:41:03,173,1366,500
Cookies,Shipped,1991-08-24 03:03:40,561,1859,50
Muffins,Delivered,2016-07-26 04:31:40,950,1999,100
Cookies,Canceled,1993-07-27 13:40:22,98,1170,50
Cake,Canceled,2013-04-19 17:28:16,193,1543,500
Muffins,Created,2014-02-18 06:27:52,490,1141,100
Muffins,Shipped,1979-10-18 16:35:41,84,1524,100
Muffins,Created,1997-03-11 05:27:37,99,1175,100
Muffins,Canceled,1998-08-25 10:31:37,615,1791,100
Cookies,Canceled,1973-11-10 06:41:37,961,1069,50
Muffins,Created,1990-11-01 12:05:39,457,1507,100
Muffins,Canceled,1994-07-25 11:57:39,76,1490,100
Muffins,Created,2015-10-07 16:09:45,189,1202,100
Cake,Canceled,2002-05-07 23:06:37,119,1041,500
Cookies,Delivered,1971-11-28 11:25:54,649,1160,50
Cake,Canceled,1992-11-04 00:57:17,252,1447,500
Muffins,Shipped,1973-11-16 17:59:52,999,1463,100
Cake,Created,1983-04-04 10:28:26,354,1032,500
Muffins,Delivered,1983-05-19 22:47:17,974,1274,100
Cake,Canceled,1972-04-21 02:35:24,277,1548,500
Cookies,Canceled,2018-03-03 15:51:50,850,1408,50
Muffins,Delivered,1975-11-05 06:17:43,451,1188,100
Cake,Delivered,1989-03-08 15:15:30,685,1327,500
Muffins,Created,1981-07-27 03:50:49,18,1781,100
Muffins,Created,1983-09-23 17:49:12,369,1366,100
Muffins,Created,2007-07-04 16:41:32,430,1787,100
Cookies,Shipped,2012-09-09 15:26:43,167,1855,50
Cookies,Delivered,2018-05-22 08:46:07,767,1461,50
Cake,Delivered,2003-07-09 00:36:28,480,1984,500
Cookies,Delivered,1977-05-18 15:37:13,664,1464,50
Cookies,Shipped,2010-07-17 17:46:24,782,1367,50
Cookies,Delivered,2015-10-26 02:25:37,251,1215,50
Muffins,Delivered,1988-05-23 16:21:22,488,1616,100
Cake,Shipped,1986-10-01 18:19:28,62,1341,500
Cake,Shipped,1986-05-07 20:52:14,591,1142,500
Cookies,Canceled,1991-08-11 11:36:54,354,1427,50
Cake,Delivered,1997-09-18 07:46:37,516,1499,500
Muffins,Canceled,2008-01-28 20:15:19,710,1406,100
Cake,Shipped,1990-09-09 00:25:36,621,1735,500
Cookies,Created,1990-04-23 09:25:27,17,1416,50
Cookies,Canceled,1985-08-16 13:03:27,687,1399,50
Muffins,Created,1992-03-18 17:15:15,172,1381,100
Cake,Created,2003-03-31 16:28:56,921,1702,500
Cookies,Created,1979-03-14 11:20:13,689,1882,50
Muffins,Created,1987-02-20 08:50:01,788,1950,100
Muffins,Canceled,2010-07-26 08:44:59,628,1850,100
Cookies,Created,2017-09-17 06:10:08,611,1389,50
Cookies,Created,1988-09-28 13:18:03,354,1562,50
Cake,Shipped,2004-09-18 02:09:04,854,1883,500
Cookies,Created,2014-03-06 16:55:40,999,1891,50
Muffins,Canceled,2003-10-09 22:48:11,442,1592,100
Muffins,Shipped,1996-01-11 20:44:48,19,1309,100
Muffins,Shipped,1999-05-26 04:34:56,208,1938,100
Muffins,Created,1985-10-19 05:35:26,190,1230,100
Cookies,Delivered,2002-03-17 11:07:45,918,1008,50
Cake,Delivered,2006-08-17 20:11:56,140,1801,500
Cake,Shipped,2010-06-10 02:32:08,711,1121,500
Cookies,Delivered,2016-08-19 03:48:47,948,1427,50
Cookies,Shipped,1987-10-11 16:11:54,455,1885,50
Cake,Created,1973-03-19 10:35:37,866,1501,500
Cookies,Created,1994-12-31 15:35:43,363,1845,50
Muffins,Shipped,1997-08-12 01:05:47,666,1625,100
Cake,Delivered,1980-01-14 23:56:09,202,1386,500
Cake,Created,1997-05-13 10:59:48,103,1822,500
Muffins,Created,2018-09-08 18:03:33,252,1429,100
Muffins,Delivered,2016-01-13 09:36:05,911,1973,100
Muffins,Canceled,1978-04-05 23:57:19,614,1196,100
Muffins,Delivered,2018-08-16 07:51:38,175,1305,100
Cookies,Delivered,1997-01-13 05:18:19,336,1596,50
Cookies,Canceled,2000-07-08 21:23:26,951,1862,50
Cake,Created,2009-07-12 18:49:02,369,1793,500
Cake,Delivered,1984-03-22 18:32:06,780,1757,500
Cookies,Created,2001-04-18 23:20:11,229,1189,50
Cookies,Created,2016-12-16 09:20:28,489,1449,50
Muffins,Canceled,1984-04-20 23:52:30,150,1579,100
Muffins,Delivered,2013-10-27 13:50:16,927,1890,100
Muffins,Shipped,1993-09-09 06:33:33,95,1965,100
Muffins,Created,1998-08-02 01:47:23,883,1958,100
Muffins,Delivered,1992-06-11 01:39:33,838,1293,100
Cake,Canceled,1970-09-24 16:01:34,910,1166,500
Muffins,Created,1997-03-11 01:22:47,798,1949,100
Muffins,Shipped,2021-03-22 00:03:21,480,1468,100
Cake,Delivered,2009-09-17 23:04:22,620,1594,500
Cookies,Shipped,2001-05-15 01:18:36,533,1963,50
Muffins,Shipped,2023-05-25 22:24:54,136,1094,100
Cake,Created,2006-05-11 09:53:22,851,1991,500
Cookies,Shipped,1988-07-17 19:12:02,651,1885,50
Muffins,Canceled,2003-01-25 12:11:31,227,1043,100
Cookies,Canceled,2004-02-05 23:06:28,319,1601,50
Cookies,Delivered,1984-06-26 21:15:03,590,1399,50
Cookies,Canceled,2022-02-03 14:41:49,141,1695,50
Cookies,Created,2022-07-31 01:43:05,636,1161,50
Muffins,Shipped,2017-05-18 23:34:29,192,1581,100
Cake,Shipped,1977-07-07 22:07:25,906,1305,500
Cookies,Canceled,2000-08-31 15:58:42,399,1165,50
Muffins,Created,1991-03-28 10:36:03,122,1095,100
Muffins,Canceled,2003-06-20 08:04:05,883,1335,100
Muffins,Canceled,1996-12-28 03:14:34,515,1592,100
Cookies,Created,2007-04-11 11:18:24,924,1418,50
Muffins,Created,2001-02-08 13:07:53,160,1854,100
Cake,Created,1977-11-08 14:38:04,95,1892,500
Cake,Shipped,1986-09-29 21:18:13,788,1269,500
Muffins,Delivered,1994-12-27 17:36:59,259,1174,100
Muffins,Shipped,1998-07-14 15:43:51,268,1975,100
Cookies,Delivered,2012-04-21 14:06:10,391,1210,50
Cake,Delivered,1991-06-15 08:41:17,321,1278,500
Cake,Delivered,1977-03-18 07:37:48,458,1512,500
Muffins,Shipped,1980-02-27 10:20:38,488,1789,100
Muffins,Canceled,2014-07-09 17:29:28,628,1527,100
Muffins,Created,1981-04-23 05:38:57,144,1245,100
Cake,Canceled,2006-02-06 12:48:20,443,1460,500
Cookies,Canceled,1981-11-11 10:48:55,663,1605,50
Muffins,Canceled,1983-05-03 01:29:36,705,1531,100
Muffins,Shipped,2017-03-04 04:21:18,37,1073,100
Cake,Shipped,2010-08-25 15:05:15,223,1468,500
Cake,Delivered,2014-02-28 18:42:29,603,1473,500
Cookies,Canceled,2003-08-07 22:04:00,816,1991,50
Muffins,Canceled,2010-09-26 15:20:13,438,1362,100
Muffins,Delivered,1998-09-06 20:51:47,233,1302,100
Cake,Canceled,1989-10-08 00:28:37,634,1453,500
Cake,Created,2002-06-11 08:42:19,176,1331,500
Cookies,Delivered,1982-02-28 11:21:33,85,1966,50
Muffins,Delivered,1970-12-19 13:51:07,652,1943,100
Cake,Shipped,2008-11-11 11:31:08,564,1766,500
Muffins,Created,1996-09-23 07:23:01,338,1367,100
Muffins,Delivered,1982-07-09 09:38:33,156,1469,100
Cookies,Shipped,1973-10-23 03:54:37,101,1027,50
Cake,Delivered,2002-04-28 10:05:40,596,1022,500
Cookies,Canceled,1989-11-04 05:15:50,836,1866,50
Cake,Canceled,2007-11-02 16:41:35,667,1338,500
Cookies,Created,2020-09-01 01:04:51,212,1881,50
Muffins,Shipped,1977-06-15 04:14:38,900,1473,100
Muffins,Created,1985-04-23 04:42:09,509,1137,100
Cookies,Delivered,2022-05-25 06:06:22,140,1320,50
Muffins,Delivered,1983-05-10 10:48:16,155,1585,100
Muffins,Delivered,2011-08-12 10:50:35,513,1265,100
Cookies,Created,2007-03-24 02:36:07,341,1346,50
Cake,Shipped,2011-10-05 13:39:42,656,1513,500
Cake,Canceled,1995-09-13 09:12:21,785,1425,500
Cookies,Delivered,1978-03-23 07:24:47,834,1779,50
Cake,Shipped,1994-08-02 01:03:33,782,1700,500
Cake,Created,2000-06-24 10:02:09,711,1885,500
Cookies,Created,1987-03-10 18:11:30,559,1435,50
Cake,Created,1997-03-16 03:56:05,290,1136,500
Cookies,Created,1998-10-06 13:08:11,197,1534,50
Muffins,Canceled,1984-09-12 22:37:20,59,1535,100
Cookies,Delivered,1970-12-24 20:12:51,142,1949,50
Muffins,Created,2000-07-30 21:17:26,26,1396,100
Cookies,Created,2007-06-11 08:05:15,179,1547,50
Muffins,Canceled,1994-12-28 16:27:19,918,1342,100
Cake,Shipped,1974-11-27 23:06:47,984,1471,500